baseline,n_features,recording_auc_roc_mean,recording_auc_pr_mean,recording_auc_roc_max,recording_auc_pr_max,patient_auc_roc,patient_auc_pr,window_auc_roc,window_auc_pr,train_auc
Perch (unscaled),1280,0.8632162661737525,0.7540626915523154,0.8650338878619839,0.7591666725980236,0.8006453423120089,0.7387099189412096,0.8501578866296982,0.7318708199513553,0.9316183852000572
VGGish (unscaled),128,0.8180991990141713,0.6956925088323523,0.8119531731361677,0.693050063628199,0.7744107744107744,0.6887506546350939,0.8064117375231052,0.656837028261952,0.8233850044978686
MFCC+Spectral (scaled),166,0.7686383240911892,0.5655225255272442,0.764479359211337,0.5372841054970502,0.7434062850729517,0.5742078294529178,0.7593422674060383,0.5271723543522306,0.8356980822132118
MFCC (scaled),160,0.7646950092421442,0.5608604294825522,0.7627541589648799,0.5297886427568795,0.7382154882154882,0.5691824677841012,0.7557917436845347,0.5206896837741831,0.8324762395212703
Random (scaled),1280,0.48077634011090575,0.1766285860180399,0.4857362908194701,0.18657568827718335,0.4964927048260382,0.21008249133779866,0.4847119531731362,0.18085389083503017,0.9204845312438887
