tn,fp,fn,tp,sensitivity,specificity,precision,n_samples,n_positive,n_negative,level
99,63,10,34,0.7727272727272727,0.6111111111111112,0.35051546391752575,206,44,162,patient
456,85,32,88,0.7333333333333333,0.8428835489833642,0.5086705202312138,661,120,541,recording_mean
403,138,24,96,0.8,0.744916820702403,0.41025641025641024,661,120,541,recording_max
895,187,67,173,0.7208333333333333,0.8271719038817006,0.48055555555555557,1322,240,1082,window
